|    0   N/A  N/A   2263887      C   python                            579MiB |
|    0   N/A  N/A   2271749      C   python                            581MiB |
|    0   N/A  N/A   2275715      C   python                            579MiB |
|    0   N/A  N/A   2283911      C   python                            621MiB |
|    0   N/A  N/A   2871580      C   python                            621MiB |
|    1   N/A  N/A    641644      C   python                            623MiB |
|    1   N/A  N/A   2268574      C   python                            579MiB |
|    1   N/A  N/A   2284969      C   python                            581MiB |
|    1   N/A  N/A   2865158      C   python                            581MiB |
|    1   N/A  N/A   2869672      C   python                            619MiB |
|    2   N/A  N/A   2269358      C   python                            581MiB |
|    2   N/A  N/A   2277784      C   python                            581MiB |
|    2   N/A  N/A   2864580      C   python                            557MiB |
|    2   N/A  N/A   2866650      C   python                            619MiB |
|    3   N/A  N/A   2265756      C   python                            581MiB |
|    3   N/A  N/A   2269867      C   python                            623MiB |
|    3   N/A  N/A   2272241      C   python                            581MiB |
|    3   N/A  N/A   2276464      C   python                            579MiB |
|    3   N/A  N/A   2278337      C   python                            581MiB |
|    4   N/A  N/A    655665      C   python                            623MiB |
|    4   N/A  N/A   2266393      C   python                            581MiB |
|    4   N/A  N/A   2270601      C   python                            579MiB |
|    4   N/A  N/A   2272919      C   python                            621MiB |
|    4   N/A  N/A   2867185      C   python                            579MiB |
|    5   N/A  N/A   2271145      C   python                            581MiB |
|    5   N/A  N/A   2274644      C   python                            621MiB |
|    5   N/A  N/A   2277014      C   python                            623MiB |
|    5   N/A  N/A   2279600      C   python                            581MiB |
|    5   N/A  N/A   2870768      C   python                            577MiB |
|    6   N/A  N/A   2267053      C   python                            579MiB |
|    6   N/A  N/A   2273491      C   python                            581MiB |
|    6   N/A  N/A   2280526      C   python                            621MiB |
|    6   N/A  N/A   2872801      C   python                            619MiB |
|    7   N/A  N/A   2267998      C   python                            581MiB |
|    7   N/A  N/A   2273886      C   python                            581MiB |
|    7   N/A  N/A   2282699      C   python                            641MiB |
|    7   N/A  N/A   2868056      C   python                            557MiB |
